index,identifier,language,raw_name,canonical_name,remove
0,a69_students,S,学生,学生,
1,a69_students,E,Students,Student,
2,a69_students,T,學生,學生,
3,a185_internally,S,曾作内部迁移#,曾作内部迁移,REMOVE ROW
4,a185_internally,E,Internally migrated #,Moved from,REMOVE ROW
5,a185_internally,T,曾作內部遷移#,曾作內部遷移,REMOVE ROW
6,b184_none,S,,,
7,b184_none,E,,,
8,b184_none,T,,,
9,n118_households,S,所有家庭住户数目,所有家庭数目,
10,n118_households,E,All Domestic Households,All households,
11,n118_households,T,所有家庭住戶數目,所有家庭數目,
12,h16_45,S,45 - 49,45 - 49,
13,h16_45,E,45 - 49,45 - 49,
14,h16_45,T,45 - 49,45 - 49,
15,h19_60,S,60 - 64,60 - 64,
16,h19_60,E,60 - 64,60 - 64,
17,h19_60,T,60 - 64,60 - 64,
18,a82_4000,S,"4,000  -    5,999","4,000 - 5,999",
19,a82_4000,E,"4,000  -    5,999","4,000 - 5,999",
20,a82_4000,T,"4,000  -    5,999","4,000 - 5,999",
21,a13_others,S,其他,其他,
22,a13_others,E,Others,Others,
23,a13_others,T,其他,其他,
24,a124_other,S,其他住户,其他住户,REMOVE ROW
25,a124_other,E,Other households,Other households,REMOVE ROW
26,a124_other,T,其他住戶,其他住戶,REMOVE ROW
27,h31_25,S,25 - 44,25 - 44,
28,h31_25,E,25 - 44,25 - 44,
29,h31_25,T,25 - 44,25 - 44,
30,l81_male,S,男性,男性,
31,l81_male,E,Male,Male,
32,l81_male,T,男性,男性,
33,h89_elementary,S,非技术工人,非技术工人,
34,h89_elementary,E,Elementary occupations,Elementary occupations,
35,h89_elementary,T,非技術工人,非技術工人,
36,a7_chinese,S,华人,华人,
37,a7_chinese,E,Chinese,Chinese,
38,a7_chinese,T,華人,華人,
39,h68_no,S,无固定地点／水上,无固定地点,
40,h68_no,E,No fixed places/Marine,No fixed places / Marine,
41,h68_no,T,無固定地點／水上,無固定地點,
42,h15_40,S,40 - 44,40 - 44,
43,h15_40,E,40 - 44,40 - 44,
44,h15_40,T,40 - 44,40 - 44,
45,a95_none,S,,"25,000 - 29,999",
46,a95_none,E,,"25,000 - 29,999",
47,a95_none,T,,"25,000 - 29,999",
48,i41_none,S,,,
49,i41_none,E,,,
50,i41_none,T,,,
51,h95_industry,S,行业,行业,
52,h95_industry,E,Industry,Industry,
53,h95_industry,T,行業,行業,
54,h167_2000,S,"2,000  -    3,999","2,000 - 3,999",
55,h167_2000,E,"2,000  -    3,999","2,000 - 3,999",
56,h167_2000,T,"2,000  -    3,999","2,000 - 3,999",
57,n6_both,S,合计,合计,
58,n6_both,E,Both Sexes,Total,
59,n6_both,T,合計,合計,
60,b146_none,S,,,
61,b146_none,E,,,
62,b146_none,T,,,
63,e61_both,S,合计,合计,
64,e61_both,E,Both Sexes,Total,
65,e61_both,T,合計,合計,
66,a64_employers,S,雇主,雇主,
67,a64_employers,E,Employers,Employer,
68,a64_employers,T,僱主,僱主,
69,d61_female,S,女性,女性,
70,d61_female,E,Female,Female,
71,d61_female,T,女性,女性,
72,a70_retired,S,退休人士,退休人士,
73,a70_retired,E,Retired persons,Retired ,
74,a70_retired,T,退休人士,退休人士,
75,a168_type,S,房屋类型,房屋类型,
76,a168_type,E,Type of Housing,Population by housing type,
77,a168_type,T,房屋類型,房屋類型,
78,h125_15000,S,"15,000  -  19,999","15,000 - 19,999",
79,h125_15000,E,"15,000  -  19,999","15,000 - 19,999",
80,h125_15000,T,"15,000  -  19,999","15,000 - 19,999",
81,a67_persons,S,不在工作人口,不在工作人口,REMOVE ROW
82,a67_persons,E,Persons not in working population,Not employed,REMOVE ROW
83,a67_persons,T,不在工作人口,不在工作人口,REMOVE ROW
84,j95_none,S,,,
85,j95_none,E,,,
86,j95_none,T,,,
87,e146_of,S,每千个屋宇单位的平均家庭住户数目,每千个屋宇单位的平均家庭住户数目,
88,e146_of,E,Average Number of Domestic Households per 1000 Units of Quarters,Households per 1000 units,
89,e146_of,T,每千個屋宇單位的平均家庭住戶數目,每千個屋宇單位的平均家庭住戶數目,
90,a161_rent,S,免交租金,免交租金,
91,a161_rent,E,Rent free,Rent free,
92,a161_rent,T,免交租金,免交租金,
93,h90_skilled,S,渔农业熟练工人,渔农业熟练工人,
94,h90_skilled,E,Skilled agricultural and fishery workers; and,Agriculture / other,
95,h90_skilled,T,漁農業熟練工人,漁農業熟練工人,
96,h101_information,S,资讯及通讯业,资讯及通讯业,
97,h101_information,E,Information and communications,Information / communications,
98,h101_information,T,資訊及通訊業,資訊及通訊業,
99,i61_none,S,,,
100,i61_none,E,,,
101,i61_none,T,,,
102,a21_other,S,其他中国方言,其他中国方言,
103,a21_other,E,Other Chinese dialects,Other Chinese,
104,a21_other,T,其他中國方言,其他中國方言,
105,a170_public,S,公营租住房屋,公营租住房屋,
106,a170_public,E,Public rental housing,Public rental,
107,a170_public,T,公營租住房屋,公營租住房屋,
108,h130_60000,S,"60,000  -  79,999","60,000 - 79,999",
109,h130_60000,E,"60,000  -  79,999","60,000 - 79,999",
110,h130_60000,T,"60,000  -  79,999","60,000 - 79,999",
111,c43_under,S,十五岁以下,十五岁以下,
112,c43_under,E,Age Under 15,Age under 15,
113,c43_under,T,十五歲以下,十五歲以下,
114,c184_none,S,,,
115,c184_none,E,,,
116,c184_none,T,,,
117,l41_none,S,,,
118,l41_none,E,,,
119,l41_none,T,,,
120,a79_none,S,,"< 2,000",
121,a79_none,E,,"< 2,000",
122,a79_none,T,,"< 2,000",
123,h174_25000,S,"25,000  -  29,999","25,000 - 29,999",
124,h174_25000,E,"25,000  -  29,999","25,000 - 29,999",
125,h174_25000,T,"25,000  -  29,999","25,000 - 29,999",
126,a71_others,S,其他,其他,
127,a71_others,E,Others,Others,
128,a71_others,T,其他,其他,
129,a126_non-relative,S,非亲属关系住户,非亲属关系住户,
130,a126_non-relative,E,Non-relative households,Unrelated tenants,
131,a126_non-relative,T,非親屬關係住戶,非親屬關係住戶,
132,d154_none,S,,,
133,d154_none,E,,,
134,d154_none,T,,,
135,e28_both,S,合计,合计,
136,e28_both,E,Both Sexes,Total,
137,e28_both,T,合計,合計,
138,l6_male,S,男性,男性,
139,l6_male,E,Male,Male,
140,l6_male,T,男性,男性,
141,a189_other,S,新界其他地区／水上,其他地区,
142,a189_other,E,Other areas in the New Territories/Marine,Others in NT/Marine,
143,a189_other,T,新界其他地區／水上,其他地區,
144,a91_none,S,,"15,000 - 19,999",
145,a91_none,E,,"15,000 - 19,999",
146,a91_none,T,,"15,000 - 19,999",
147,a121_composed,S,由夫妇、其中至少一个父或母亲及其未婚,夫妇、父或母亲及子女,
148,a121_composed,E,"Composed of couple, at least one of their parents and","Couple, parent(s) and child(ren)",
149,a121_composed,T,由夫婦、其中至少一個父或母親及其未婚,夫婦、父或母親及子女,
150,h45_kowloon,S,九龙,九龙,
151,h45_kowloon,E,Kowloon,Kowloon,
152,h45_kowloon,T,九龍,九龍,
153,a156_with,S,有按揭或贷款,有按揭或贷款,
154,a156_with,E,With mortgage or loan,Owner-occupier with mortgage,
155,a156_with,T,有按揭或貸款,有按揭或貸款,
156,a193_place,S,五年前居于香港以外地方,居于香港以外地方,
157,a193_place,E,Place of residence outside Hong Kong 5 years ago,Outside Hong Kong,
158,a193_place,T,五年前居於香港以外地方,居於香港以外地方,
159,a89_none,S,,"10,000 - 14,999",
160,a89_none,E,,"10,000 - 14,999",
161,a89_none,T,,"10,000 - 14,999",
162,a63_employees,S,雇员,雇员,
163,a63_employees,E,Employees,Employee,
164,a63_employees,T,僱員,僱員,
165,a50_post-secondary,S,专上教育,专上教育,REMOVE ROW
166,a50_post-secondary,E,Post-secondary,Post-secondary,REMOVE ROW
167,a50_post-secondary,T,專上教育,專上教育,REMOVE ROW
168,a33_separated,S,分居,分居,
169,a33_separated,E,Separated,Separated,
170,a33_separated,T,分居,分居,
171,a93_none,S,,"20,000 - 24,999",
172,a93_none,E,,"20,000 - 24,999",
173,a93_none,T,,"20,000 - 24,999",
174,a134_5,S,5,5,
175,a134_5,E,5,5,
176,a134_5,T,5,5,
177,a158_sole,S,全租,全租,
178,a158_sole,E,Sole tenant,Sole tenant,
179,a158_sole,T,全租,全租,
180,a190_not,S,并无作内部迁移,并无作内部迁移,REMOVE ROW
181,a190_not,E,Not internally migrated,Remained in,REMOVE ROW
182,a190_not,T,並無作內部遷移,並無作內部遷移,REMOVE ROW
183,a10_nepalese,S,尼泊尔人,尼泊尔人,
184,a10_nepalese,E,Nepalese,Nepalese,
185,a10_nepalese,T,尼泊爾人,尼泊爾人,
186,h129_40000,S,"40,000  -  59,999","40,000 - 59,999",
187,h129_40000,E,"40,000  -  59,999","40,000 - 59,999",
188,h129_40000,T,"40,000  -  59,999","40,000 - 59,999",
189,i81_none,S,,,
190,i81_none,E,,,
191,i81_none,T,,,
192,h105_health,S,保健及社工活动,-,REMOVE ROW
193,h105_health,E,health and social work activities,-,REMOVE ROW
194,h105_health,T,保健及社工活動,-,REMOVE ROW
195,a23_others,S,其他,其他,
196,a23_others,E,Others,Others,
197,a23_others,T,其他,其他,
198,a117_composed,S,由夫妇及未婚子女所组成,夫妇及未婚子女,
199,a117_composed,E,Composed of couple and unmarried children,Couple and child(ren),
200,a117_composed,T,由夫婦及未婚子女所組成,夫婦及未婚子女,
201,b61_none,S,,,
202,b61_none,E,,,
203,b61_none,T,,,
204,c6_male,S,男性,男性,
205,c6_male,E,Male,Male,
206,c6_male,T,男性,男性,
207,h70_places,S,香港以外地方,香港以外地方,
208,h70_places,E,Places outside Hong Kong,Outside Hong Kong,
209,h70_places,T,香港以外地方,香港以外地方,
210,i162_none,S,,,
211,i162_none,E,,,
212,i162_none,T,,,
213,i118_none,S,,,
214,i118_none,E,,,
215,i118_none,T,,,
216,a122_their,S,子女所组成,-,REMOVE ROW
217,a122_their,E,their unmarried children,-,REMOVE ROW
218,a122_their,T,子女所組成,-,REMOVE ROW
219,l162_none,S,,,
220,l162_none,E,,,
221,l162_none,T,,,
222,m95_female,S,女性,女性,
223,m95_female,E,Female,Female,
224,m95_female,T,女性,女性,
225,h21_70,S,70 - 74,70 - 74,
226,h21_70,E,70 - 74,70 - 74,
227,h21_70,T,70 - 74,70 - 74,
228,e77_both,S,合计,合计,
229,e77_both,E,Both Sexes,Total,
230,e77_both,T,合計,合計,
231,h106_miscellaneous,S,杂项社会及个人服务,杂项社会及个人服务,
232,h106_miscellaneous,E,Miscellaneous social and personal services,Misc services,
233,h106_miscellaneous,T,雜項社會及個人服務,雜項社會及個人服務,
234,a86_8000,S,"8,000  -    9,999","8,000 - 9,999",
235,a86_8000,E,"8,000  -    9,999","8,000 - 9,999",
236,a86_8000,T,"8,000  -    9,999","8,000 - 9,999",
237,a6_ethnicity,S,种族,种族,
238,a6_ethnicity,E,Ethnicity,Ethnicity,
239,a6_ethnicity,T,種族,種族,
240,m28_female,S,女性,女性,
241,m28_female,E,Female,Female,
242,m28_female,T,女性,女性,
243,a31_widowed,S,丧偶,丧偶,
244,a31_widowed,E,Widowed,Widowed,
245,a31_widowed,T,喪偶,喪偶,
246,a174_temporary,S,临时房屋,临时房屋,
247,a174_temporary,E,Temporary housing,Temporary housing,
248,a174_temporary,T,臨時房屋,臨時房屋,
249,h11_20,S,20 - 24,20 - 24,
250,h11_20,E,20 - 24,20 - 24,
251,h11_20,T,20 - 24,20 - 24,
252,h29_0,S,0 - 14,0 - 14,
253,h29_0,E,0 - 14,0 - 14,
254,h29_0,T,0 - 14,0 - 14,
255,h47_other,S,新界其他地区,新界其他地区,
256,h47_other,E,Other areas in the New Territories,Other areas in NT,
257,h47_other,T,新界其他地區,新界其他地區,
258,d129_none,S,,,
259,d129_none,E,,,
260,d129_none,T,,,
261,a94_25000,S,"25,000  -  29,999","25,000 - 29,999",
262,a94_25000,E,"25,000  -  29,999","25,000 - 29,999",
263,a94_25000,T,"25,000  -  29,999","25,000 - 29,999",
264,a44_primary,S,小学及以下,小学及以下,REMOVE ROW
265,a44_primary,E,Primary and below,Primary and below,REMOVE ROW
266,a44_primary,T,小學及以下,小學及以下,REMOVE ROW
267,a191_moved,S,曾在同区迁居,曾在同区迁居,
268,a191_moved,E,Moved home within same area of residence,Same area,
269,a191_moved,T,曾在同區遷居,曾在同區遷居,
270,a65_self-employed,S,自营作业者,自营作业者,
271,a65_self-employed,E,Self-employed,Self-employed,
272,a65_self-employed,T,自營作業者,自營作業者,
273,h42_in,S,同区就读#,同区就读,
274,h42_in,E,In same district #,In same district,
275,h42_in,T,同區就讀#,同區就讀,
276,d18_female,S,女性,女性,
277,d18_female,E,Female,Female,
278,d18_female,T,女性,女性,
279,a19_cantonese,S,广州话,广州话,
280,a19_cantonese,E,Cantonese,Cantonese,
281,a19_cantonese,T,廣州話,廣州話,
282,b6_none,S,,,
283,b6_none,E,,,
284,b6_none,T,,,
285,h41_place,S,上课地点,上课地点,
286,h41_place,E,Place of Study,Place of study,
287,h41_place,T,上課地點,上課地點,
288,a88_10000,S,"10,000  -  14,999","10,000 - 14,999",
289,a88_10000,E,"10,000  -  14,999","10,000 - 14,999",
290,a88_10000,T,"10,000  -  14,999","10,000 - 14,999",
291,a123_composed,S,由其他亲属关系组合所组成,其他亲属关系,
292,a123_composed,E,Composed of other relationship combinations,Couple and relatives,
293,a123_composed,T,由其他親屬關係組合所組成,其他親屬關係,
294,b77_none,S,,,
295,b77_none,E,,,
296,b77_none,T,,,
297,a146_type,S,房屋类型,房屋类型,
298,a146_type,E,Type of Housing,Households by housing type,
299,a146_type,T,房屋類型,房屋類型,
300,a157_without,S,没有按揭及贷款,没有按揭及贷款,
301,a157_without,E,Without mortgage and loan,Owner-occupier without mortgage,
302,a157_without,T,沒有按揭及貸款,沒有按揭及貸款,
303,h120_2000,S,"2,000  -    3,999","2,000 - 3,999",
304,h120_2000,E,"2,000  -    3,999","2,000 - 3,999",
305,h120_2000,T,"2,000  -    3,999","2,000 - 3,999",
306,h7_0,S,0 -  4,0 - 4,
307,h7_0,E,0 -  4,0 - 4,
308,h7_0,T,0 -  4,0 - 4,
309,a150_non-domestic,S,非住宅用房屋,非住宅用房屋,
310,a150_non-domestic,E,Non-domestic housing,Non-domestic housing,
311,a150_non-domestic,T,非住宅用房屋,非住宅用房屋,
312,e129_domestic,S,家庭住户数目,家庭住户数目,
313,e129_domestic,E,Domestic Households,Households,
314,e129_domestic,T,家庭住戶數目,家庭住戶數目,
315,h67_other,S,新界其他地区,新界其他地区,
316,h67_other,E,Other areas in the New Territories,Other areas in NT,
317,h67_other,T,新界其他地區,新界其他地區,
318,a68_home-makers,S,料理家务者,料理家务者,
319,a68_home-makers,E,Home-makers,Home-maker,
320,a68_home-makers,T,料理家務者,料理家務者,
321,h127_25000,S,"25,000  -  29,999","25,000 - 29,999",
322,h127_25000,E,"25,000  -  29,999","25,000 - 29,999",
323,h127_25000,T,"25,000  -  29,999","25,000 - 29,999",
324,a149_private,S,私人永久性房屋,私人永久性房屋,
325,a149_private,E,Private permanent housing,Private housing,
326,a149_private,T,私人永久性房屋,私人永久性房屋,
327,h69_work,S,于家中工作,于家中工作,
328,h69_work,E,Work at home,Work at home,
329,h69_work,T,於家中工作,於家中工作,
330,a22_english,S,英语,英语,
331,a22_english,E,English,English,
332,a22_english,T,英語,英語,
333,b43_none,S,,,
334,b43_none,E,,,
335,b43_none,T,,,
336,m41_none,S,,,
337,m41_none,E,,,
338,m41_none,T,,,
339,h146_4000,S,"4,000  -    5,999","4,000 - 5,999",
340,h146_4000,E,"4,000  -    5,999","4,000 - 5,999",
341,h146_4000,T,"4,000  -    5,999","4,000 - 5,999",
342,h18_55,S,55 - 59,55 - 59,
343,h18_55,E,55 - 59,55 - 59,
344,h18_55,T,55 - 59,55 - 59,
345,h165_1000,S,"1,000  -    1,499","1,000 - 1,499",
346,h165_1000,E,"1,000  -    1,499","1,000 - 1,499",
347,h165_1000,T,"1,000  -    1,499","1,000 - 1,499",
348,k118_none,S,,,
349,k118_none,E,,,
350,k118_none,T,,,
351,l28_male,S,男性,男性,
352,l28_male,E,Male,Male,
353,l28_male,T,男性,男性,
354,e154_domestic,S,家庭住户数目,家庭住户数目,
355,e154_domestic,E,Domestic Households,Households,
356,e154_domestic,T,家庭住戶數目,家庭住戶數目,
357,j6_none,S,,,
358,j6_none,E,,,
359,j6_none,T,,,
360,a96_30000,S,"30,000  -  39,999","30,000 - 39,999",
361,a96_30000,E,"30,000  -  39,999","30,000 - 39,999",
362,a96_30000,T,"30,000  -  39,999","30,000 - 39,999",
363,c18_male,S,男性,男性,
364,c18_male,E,Male,Male,
365,c18_male,T,男性,男性,
366,a155_owner-occupier,S,自置,自置,REMOVE ROW
367,a155_owner-occupier,E,Owner-occupier,Owner-occupier,REMOVE ROW
368,a155_owner-occupier,T,自置,自置,REMOVE ROW
369,d28_female,S,女性,女性,
370,d28_female,E,Female,Female,
371,d28_female,T,女性,女性,
372,a99_none,S,,"40,000 - 59,999",
373,a99_none,E,,"40,000 - 59,999",
374,a99_none,T,,"40,000 - 59,999",
375,a46_primary,S,小学,小学,
376,a46_primary,E,Primary,Primary,
377,a46_primary,T,小學,小學,
378,h172_15000,S,"15,000  -  19,999","15,000 - 19,999",
379,h172_15000,E,"15,000  -  19,999","15,000 - 19,999",
380,h172_15000,T,"15,000  -  19,999","15,000 - 19,999",
381,k162_none,S,,,
382,k162_none,E,,,
383,k162_none,T,,,
384,a172_private,S,私人永久性房屋,私人永久性房屋,
385,a172_private,E,Private permanent housing,Private housing,
386,a172_private,T,私人永久性房屋,私人永久性房屋,
387,a100_≧,S,"≧  60,000",">= 60,000",
388,a100_≧,E,"≧  60,000",">= 60,000",
389,a100_≧,T,"≧  60,000",">= 60,000",
390,a159_co-tenantmain,S,合租／二房东／三房客,合租／二房东／三房客,
391,a159_co-tenantmain,E,Co-tenant/Main tenant/Sub-tenant,Multiple tenants,
392,a159_co-tenantmain,T,合租／二房東／三房客,合租／二房東／三房客,
393,a97_none,S,,"30,000 - 39,999",
394,a97_none,E,,"30,000 - 39,999",
395,a97_none,T,,"30,000 - 39,999",
396,h154_≧,S,"≧ 40,000",">= 40,000",
397,h154_≧,E,"≧ 40,000","≧ 40,000",
398,h154_≧,T,"≧ 40,000","≧ 40,000",
399,h88_plant,S,机台及机器操作员及装配员,机器操作员及装配员,
400,h88_plant,E,Plant and machine operators and assemblers,Factory workers,
401,h88_plant,T,機台及機器操作員及裝配員,機器操作員及裝配員,
402,a49_upper,S,高中／预科,高中／预科,
403,a49_upper,E,Upper Secondary/Sixth Form,Sixth Form,
404,a49_upper,T,高中／預科,高中／預科,
405,a186_hong,S,香港岛,香港岛,
406,a186_hong,E,Hong Kong Island,Hong Kong Island,
407,a186_hong,T,香港島,香港島,
408,e168_both,S,合计,合计,
409,e168_both,E,Both Sexes,Total,
410,e168_both,T,合計,合計,
411,a34_persons,S,十五岁以下人士,十五岁以下人士,
412,a34_persons,E,Persons aged under 15,Age under 15,
413,a34_persons,T,十五歲以下人士,十五歲以下人士,
414,m81_female,S,女性,女性,
415,m81_female,E,Female,Female,
416,m81_female,T,女性,女性,
417,b18_none,S,,,
418,b18_none,E,,,
419,b18_none,T,,,
420,a84_6000,S,"6,000  -    7,999","6,000 - 7,999",
421,a84_6000,E,"6,000  -    7,999","6,000 - 7,999",
422,a84_6000,T,"6,000  -    7,999","6,000 - 7,999",
423,h107_others,S,其他,其他,
424,h107_others,E,Others,Others,
425,h107_others,T,其他,其他,
426,h118_household,S,家庭住户每月收入（港元）,家庭住户每月收入,
427,h118_household,E,Household Income (HK$),Household monthly income,
428,h118_household,T,家庭住戶每月收入（港元）,家庭住戶每月收入,
429,d184_none,S,,,
430,d184_none,E,,,
431,d184_none,T,,,
432,m118_none,S,,,
433,m118_none,E,,,
434,m118_none,T,,,
435,h20_65,S,65 - 69,65 - 69,
436,h20_65,E,65 - 69,65 - 69,
437,h20_65,T,65 - 69,65 - 69,
438,a151_temporary,S,临时房屋,临时房屋,
439,a151_temporary,E,Temporary housing,Temporary housing,
440,a151_temporary,T,臨時房屋,臨時房屋,
441,a51_diplomacertificate,S,文凭／证书课程,文凭／证书课程,
442,a51_diplomacertificate,E,Diploma/Certificate,Diploma / Certificate,
443,a51_diplomacertificate,T,文憑／證書課程,文憑／證書課程,
444,a90_15000,S,"15,000  -  19,999","15,000 - 19,999",
445,a90_15000,E,"15,000  -  19,999","15,000 - 19,999",
446,a90_15000,T,"15,000  -  19,999","15,000 - 19,999",
447,h84_associate,S,辅助专业人员,辅助专业人员,
448,h84_associate,E,Associate professionals,Associate professionals,
449,h84_associate,T,輔助專業人員,輔助專業人員,
450,e43_total,S,总计,总计,
451,e43_total,E,Total,Total,
452,e43_total,T,總計,總計,
453,h166_1500,S,"1,500  -    1,999","1,500 - 1,999",
454,h166_1500,E,"1,500  -    1,999","1,500 - 1,999",
455,h166_1500,T,"1,500  -    1,999","1,500 - 1,999",
456,h82_managers,S,经理及行政级人员,经理及行政级人员,
457,h82_managers,E,Managers and administrators,Managers and administrators,
458,h82_managers,T,經理及行政級人員,經理及行政級人員,
459,a81_none,S,,"2,000 - 3,999",
460,a81_none,E,,"2,000 - 3,999",
461,a81_none,T,,"2,000 - 3,999",
462,h10_15,S,15 - 19,15 - 19,
463,h10_15,E,15 - 19,15 - 19,
464,h10_15,T,15 - 19,15 - 19,
465,c146_households,S,有家庭住户居住的屋宇单位数目,有住户居住的屋宇单位,
466,c146_households,E,Quarters Occupied by Domestic Households,Occupied units,
467,c146_households,T,有家庭住戶居住的屋宇單位數目,有住戶居住的屋宇單位,
468,a171_subsidized,S,资助自置居所房屋,资助自置居所房屋,
469,a171_subsidized,E,Subsidized home ownership housing,Subsidized ownership,
470,a171_subsidized,T,資助自置居所房屋,資助自置居所房屋,
471,c77_male,S,男性,男性,
472,c77_male,E,Male,Male,
473,c77_male,T,男性,男性,
474,a9_filipino,S,菲律宾人,菲律宾人,
475,a9_filipino,E,Filipino,Filipino,
476,a9_filipino,T,菲律賓人,菲律賓人,
477,a85_none,S,,"6,000 - 7,999",
478,a85_none,E,,"6,000 - 7,999",
479,a85_none,T,,"6,000 - 7,999",
480,h147_6000,S,"6,000  -    7,999","6,000 - 7,999",
481,h147_6000,E,"6,000  -    7,999","6,000 - 7,999",
482,h147_6000,T,"6,000  -    7,999","6,000 - 7,999",
483,h99_transportation,S,运输、仓库、邮政及速递服务业,运输、仓库、邮政及速递,
484,h99_transportation,E,"Transportation, storage, postal and courier services",Logistics and postal,
485,h99_transportation,T,運輸、倉庫、郵政及速遞服務業,運輸、倉庫、郵政及速遞,
486,l61_male,S,男性,男性,
487,l61_male,E,Male,Male,
488,l61_male,T,男性,男性,
489,h22_75,S,75 - 79,75 - 79,
490,h22_75,E,75 - 79,75 - 79,
491,h22_75,T,75 - 79,75 - 79,
492,a12_pakistani,S,巴基斯坦人,巴基斯坦人,
493,a12_pakistani,E,Pakistani,Pakistani,
494,a12_pakistani,T,巴基斯坦人,巴基斯坦人,
495,a102_unpaid,S,无酬家庭从业员,无酬家庭从业员,
496,a102_unpaid,E,Unpaid family workers,Unpaid family workers,
497,a102_unpaid,T,無酬家庭從業員,無酬家庭從業員,
498,a173_non-domestic,S,非住宅用房屋,非住宅用房屋,
499,a173_non-domestic,E,Non-domestic housing,Non-domestic housing,
500,a173_non-domestic,T,非住宅用房屋,非住宅用房屋,
501,a8_white,S,白人,白人,
502,a8_white,E,White,White,
503,a8_white,T,白人,白人,
504,m6_female,S,女性,女性,
505,m6_female,E,Female,Female,
506,m6_female,T,女性,女性,
507,h96_manufacturing,S,制造业,制造业,
508,h96_manufacturing,E,Manufacturing,Manufacturing,
509,h96_manufacturing,T,製造業,製造業,
510,a11_indonesian,S,印尼人,印尼人,
511,a11_indonesian,E,Indonesian,Indonesian,
512,a11_indonesian,T,印尼人,印尼人,
513,h30_15,S,15 - 24,15 - 24,
514,h30_15,E,15 - 24,15 - 24,
515,h30_15,T,15 - 24,15 - 24,
516,a30_now,S,已婚,已婚,
517,a30_now,E,Now married,Married,
518,a30_now,T,已婚,已婚,
519,h128_30000,S,"30,000  -  39,999","30,000 - 39,999",
520,h128_30000,E,"30,000  -  39,999","30,000 - 39,999",
521,h128_30000,T,"30,000  -  39,999","30,000 - 39,999",
522,a120_composed,S,由夫妇及其中至少一个父或母亲所组成,夫妇及父或母亲,
523,a120_composed,E,Composed of couple and at least one of their parents,Couple and parent(s),
524,a120_composed,T,由夫婦及其中至少一個父或母親所組成,夫婦及父或母親,
525,b114_none,S,,,
526,b114_none,E,,,
527,b114_none,T,,,
528,h177_none,S,无,无,
529,h177_none,E,None,None,
530,h177_none,T,無,無,
531,l95_male,S,男性,男性,
532,l95_male,E,Male,Male,
533,l95_male,T,男性,男性,
534,c61_male,S,男性,男性,
535,c61_male,E,Male,Male,
536,c61_male,T,男性,男性,
537,a28_marital,S,婚姻状况,婚姻状况,
538,a28_marital,E,Marital Status,Marital status,
539,a28_marital,T,婚姻狀況,婚姻狀況,
540,a175_population,S,非家庭住户人口,非家庭住户人口,
541,a175_population,E,Population in non-domestic households,Non-domestic households,
542,a175_population,T,非家庭住戶人口,非家庭住戶人口,
543,a118_composed,S,由父或母亲及未婚子女所组成,由父或母亲及未婚子女所组成,
544,a118_composed,E,Composed of lone parent and unmarried children,Single parent and child(ren),
545,a118_composed,T,由父或母親及未婚子女所組成,由父或母親及未婚子女所組成,
546,a98_40000,S,"40,000  -  59,999","40,000 - 59,999",
547,a98_40000,E,"40,000  -  59,999","40,000 - 59,999",
548,a98_40000,T,"40,000  -  59,999","40,000 - 59,999",
549,a87_none,S,,"8,000 - 9,999",
550,a87_none,E,,"8,000 - 9,999",
551,a87_none,T,,"8,000 - 9,999",
552,a20_putonghua,S,普通话,普通话,
553,a20_putonghua,E,Putonghua,Putonghua,
554,a20_putonghua,T,普通話,普通話,
555,h28_age,S,年龄组别,年龄组别,
556,h28_age,E,Age Group,Age group,
557,h28_age,T,年齡組別,年齡組別,
558,a114_household,S,住户结构,住户结构,
559,a114_household,E,Household Composition,Household composition,
560,a114_household,T,住戶結構,住戶結構,
561,a115_nuclear,S,核心家庭住户,核心家庭住户,REMOVE ROW
562,a115_nuclear,E,Nuclear family households,Basic family,REMOVE ROW
563,a115_nuclear,T,核心家庭住戶,核心家庭住戶,REMOVE ROW
564,a45_no,S,未受教育／学前教育,未受教育,
565,a45_no,E,No schooling/Pre-primary,No schooling,
566,a45_no,T,未受教育／學前教育,未受教育,
567,h32_45,S,45 - 64,45 - 64,
568,h32_45,E,45 - 64,45 - 64,
569,h32_45,T,45 - 64,45 - 64,
570,m162_none,S,,,
571,m162_none,E,,,
572,m162_none,T,,,
573,a131_2,S,2,2,
574,a131_2,E,2,2,
575,a131_2,T,2,2,
576,a160_others,S,其他,其他,REMOVE ROW
577,a160_others,E,Others,Others,REMOVE ROW
578,a160_others,T,其他,其他,REMOVE ROW
579,d168_female,S,女性,女性,
580,d168_female,E,Female,Female,
581,d168_female,T,女性,女性,
582,a43_highest,S,（最高就读程度）,教育程度,
583,a43_highest,E,(Highest Level Attended),Educational attainment,
584,a43_highest,T,（最高就讀程度）,教育程度,
585,h144_1,S,"1  -    1,999","1 - 1,999",
586,h144_1,E,"1  -    1,999","1 - 1,999",
587,h144_1,T,"1  -    1,999","1 - 1,999",
588,c114_none,S,,,
589,c114_none,E,,,
590,c114_none,T,,,
591,n81_both,S,合计,合计,
592,n81_both,E,Both Sexes,Total,
593,n81_both,T,合計,合計,
594,h126_20000,S,"20,000  -  24,999","20,000 - 24,999",
595,h126_20000,E,"20,000  -  24,999","20,000 - 24,999",
596,h126_20000,T,"20,000  -  24,999","20,000 - 24,999",
597,a133_4,S,4,4,
598,a133_4,E,4,4,
599,a133_4,T,4,4,
600,h145_2000,S,"2,000  -    3,999","2,000 - 3,999",
601,h145_2000,E,"2,000  -    3,999","2,000 - 3,999",
602,h145_2000,T,"2,000  -    3,999","2,000 - 3,999",
603,a162_provided,S,由雇主提供,由雇主提供,
604,a162_provided,E,Provided by employer,Employer provided,
605,a162_provided,T,由僱主提供,由僱主提供,
606,a169_population,S,家庭住户人口,家庭住户人口,REMOVE ROW
607,a169_population,E,Population in domestic households,Domestic population,REMOVE ROW
608,a169_population,T,家庭住戶人口,家庭住戶人口,REMOVE ROW
609,a80_2000,S,"2,000  -    3,999","2,000 - 3,999",
610,a80_2000,E,"2,000  -    3,999","2,000 - 3,999",
611,a80_2000,T,"2,000  -    3,999","2,000 - 3,999",
612,h14_35,S,35 - 39,35 - 39,
613,h14_35,E,35 - 39,35 - 39,
614,h14_35,T,35 - 39,35 - 39,
615,h131_80000,S,"80,000  -  99,999","80,000 - 99,999",
616,h131_80000,E,"80,000  -  99,999","80,000 - 99,999",
617,h131_80000,T,"80,000  -  99,999","80,000 - 99,999",
618,k81_none,S,,,
619,k81_none,E,,,
620,k81_none,T,,,
621,a78_<,S,"<  2,000","< 2,000",
622,a78_<,E,"<  2,000","< 2,000",
623,a78_<,T,"<  2,000","< 2,000",
624,a129_household,S,住户人数,住户人数,
625,a129_household,E,Household Size,Household size,
626,a129_household,T,住戶人數,住戶人數,
627,a103_none,S,,无酬家庭从业员,
628,a103_none,E,,Unpaid family workers,
629,a103_none,T,,無酬家庭從業員,
630,h122_6000,S,"6,000  -    7,999","6,000 - 7,999",
631,h122_6000,E,"6,000  -    7,999","6,000 - 7,999",
632,h122_6000,T,"6,000  -    7,999","6,000 - 7,999",
633,a92_20000,S,"20,000  -  24,999","20,000 - 24,999",
634,a92_20000,E,"20,000  -  24,999","20,000 - 24,999",
635,a92_20000,T,"20,000  -  24,999","20,000 - 24,999",
636,k6_none,S,,,
637,k6_none,E,,,
638,k6_none,T,,,
639,a132_3,S,3,3,
640,a132_3,E,3,3,
641,a132_3,T,3,3,
642,h162_household,S,家庭住户每月租金（港元）,家庭住户每月租金,
643,h162_household,E,Household Rent (HK$),Monthly rent,
644,h162_household,T,家庭住戶每月租金（港元）,家庭住戶每月租金,
645,h148_8000,S,"8,000  -    9,999","8,000 - 9,999",
646,h148_8000,E,"8,000  -    9,999","8,000 - 9,999",
647,h148_8000,T,"8,000  -    9,999","8,000 - 9,999",
648,h9_10,S,10 - 14,10 - 14,
649,h9_10,E,10 - 14,10 - 14,
650,h9_10,T,10 - 14,10 - 14,
651,n28_both,S,合计,合计,
652,n28_both,E,Both Sexes,Total,
653,n28_both,T,合計,合計,
654,a32_divorced,S,离婚,离婚,
655,a32_divorced,E,Divorced,Divorced,
656,a32_divorced,T,離婚,離婚,
657,h13_30,S,30 - 34,30 - 34,
658,h13_30,E,30 - 34,30 - 34,
659,h13_30,T,30 - 34,30 - 34,
660,h17_50,S,50 - 54,50 - 54,
661,h17_50,E,50 - 54,50 - 54,
662,h17_50,T,50 - 54,50 - 54,
663,m143_none,S,,,
664,m143_none,E,,,
665,m143_none,T,,,
666,b28_none,S,,,
667,b28_none,E,,,
668,b28_none,T,,,
669,n143_with,S,有按揭供款或借贷还款的家庭住户数目,有按揭供款的家庭住户,
670,n143_with,E,Domestic Households with Mortgage or Loan,Households,
671,n143_with,T,有按揭供款或借貸還款的家庭住戶數目,有按揭供款的家庭住戶,
672,i95_none,S,,,
673,i95_none,E,,,
674,i95_none,T,,,
675,h152_25000,S,"25,000  -  29,999","25,000 - 29,999",
676,h152_25000,E,"25,000  -  29,999","25,000 - 29,999",
677,h152_25000,T,"25,000  -  29,999","25,000 - 29,999",
678,a116_composed,S,由夫妇所组成,由夫妇所组成,
679,a116_composed,E,Composed of couple,Couple,
680,a116_composed,T,由夫婦所組成,由夫婦所組成,
681,h65_kowloon,S,九龙,九龙,
682,h65_kowloon,E,Kowloon,Kowloon,
683,h65_kowloon,T,九龍,九龍,
684,h149_10000,S,"10,000  -  14,999","10,000 - 14,999",
685,h149_10000,E,"10,000  -  14,999","10,000 - 14,999",
686,h149_10000,T,"10,000  -  14,999","10,000 - 14,999",
687,h23_80,S,80 - 84,80 - 84,
688,h23_80,E,80 - 84,80 - 84,
689,h23_80,T,80 - 84,80 - 84,
690,a48_lower,S,初中,初中,
691,a48_lower,E,Lower Secondary,Lower secondary,
692,a48_lower,T,初中,初中,
693,a77_main,S,每月主要职业收入（港元）,每月主要职业收入,
694,a77_main,E,Main Employment (HK$),Monthly income,
695,a77_main,T,每月主要職業收入（港元）,每月主要職業收入,
696,i143_none,S,,,
697,i143_none,E,,,
698,i143_none,T,,,
699,k61_none,S,,,
700,k61_none,E,,,
701,k61_none,T,,,
702,a52_sub-degree,S,副学位课程,副学位课程,
703,a52_sub-degree,E,Sub-degree course,Sub-degree course,
704,a52_sub-degree,T,副學位課程,副學位課程,
705,h86_service,S,服务工作及销售人员,服务工作及销售人员,
706,h86_service,E,Service and sales workers,Service and sales,
707,h86_service,T,服務工作及銷售人員,服務工作及銷售人員,
708,d6_female,S,女性,女性,
709,d6_female,E,Female,Female,
710,d6_female,T,女性,女性,
711,h66_new,S,新市镇,新市镇,
712,h66_new,E,New towns,New towns,
713,h66_new,T,新市鎮,新市鎮,
714,h98_importexport,S,进出口、批发及零售业,进出口、批发及零售业,
715,h98_importexport,E,"Import/export, wholesale and retail trades",Trading and retail,
716,h98_importexport,T,進出口、批發及零售業,進出口、批發及零售業,
717,h6_age,S,年龄组别,年龄组别,
718,h6_age,E,Age Group,Age Group,
719,h6_age,T,年齡組別,年齡組別,
720,h46_new,S,新市镇,新市镇,
721,h46_new,E,New towns,New towns,
722,h46_new,T,新市鎮,新市鎮,
723,k95_none,S,,,
724,k95_none,E,,,
725,k95_none,T,,,
726,h164_500,S,500  -       999,500 - 999,
727,h164_500,E,500  -       999,500 - 999,
728,h164_500,T,500  -       999,500 - 999,
729,h97_construction,S,建造业,建造业,
730,h97_construction,E,Construction,Construction,
731,h97_construction,T,建造業,建造業,
732,h121_4000,S,"4,000  -    5,999","4,000 - 5,999",
733,h121_4000,E,"4,000  -    5,999","4,000 - 5,999",
734,h121_4000,T,"4,000  -    5,999","4,000 - 5,999",
735,n41_persons,S,于香港院校就读全日制课程的人口,全日制课程的人口,
736,n41_persons,E,Persons Attending Full-time Courses in Educational Institutions in Hong Kong,Full-time students,
737,n41_persons,T,於香港院校就讀全日制課程的人口,全日制課程的人口,
738,j41_none,S,,,
739,j41_none,E,,,
740,j41_none,T,,,
741,a148_subsidized,S,资助自置居所房屋,资助自置居所房屋,
742,a148_subsidized,E,Subsidized home ownership housing,Subsidized ownership ,
743,a148_subsidized,T,資助自置居所房屋,資助自置居所房屋,
744,h104_public,S,公共行政、教育、人类医疗,公共行政、教育、人类医疗,
745,h104_public,E,"Public administration, education, human",Public services and social work,
746,h104_public,T,公共行政、教育、人類醫療,公共行政、教育、人類醫療,
747,h124_10000,S,"10,000  -  14,999","10,000 - 14,999",
748,h124_10000,E,"10,000  -  14,999","10,000 - 14,999",
749,h124_10000,T,"10,000  -  14,999","10,000 - 14,999",
750,j162_none,S,,,
751,j162_none,E,,,
752,j162_none,T,,,
753,a154_tenure,S,居所租住权,居所租住权,
754,a154_tenure,E,Tenure of Accommodation,Housing ownership,
755,a154_tenure,T,居所租住權,居所租住權,
756,e184_population,S,五岁及以上的人口,五岁及以上的人口,
757,e184_population,E,Population Aged 5 and Over,Population,
758,e184_population,T,五歲及以上的人口,五歲及以上的人口,
759,a29_never,S,从未结婚,从未结婚,
760,a29_never,E,Never married,Never married,
761,a29_never,T,從未結婚,從未結婚,
762,l143_none,S,,,
763,l143_none,E,,,
764,l143_none,T,,,
765,h123_8000,S,"8,000  -    9,999","8,000 - 9,999",
766,h123_8000,E,"8,000  -    9,999","8,000 - 9,999",
767,h123_8000,T,"8,000  -    9,999","8,000 - 9,999",
768,h87_craft,S,工艺及有关人员,工艺及有关人员,
769,h87_craft,E,Craft and related workers,Crafts and arts,
770,h87_craft,T,工藝及有關人員,工藝及有關人員,
771,k28_none,S,,,
772,k28_none,E,,,
773,k28_none,T,,,
774,b168_none,S,,,
775,b168_none,E,,,
776,b168_none,T,,,
777,h102_financing,S,金融及保险业,金融及保险业,
778,h102_financing,E,Financing and insurance,Finance and insurance,
779,h102_financing,T,金融及保險業,金融及保險業,
780,h175_30000,S,"30,000  -  39,999","30,000 - 39,999",
781,h175_30000,E,"30,000  -  39,999","30,000 - 39,999",
782,h175_30000,T,"30,000  -  39,999","30,000 - 39,999",
783,c168_male,S,男性,男性,
784,c168_male,E,Male,Male,
785,c168_male,T,男性,男性,
786,h103_real,S,地产、专业及商用服务业,地产、专业及商用服务业,
787,h103_real,E,"Real estate, professional and business services",Real estate and professional services,
788,h103_real,T,地產、專業及商用服務業,地產、專業及商用服務業,
789,h153_30000,S,"30,000  -  39,999","30,000 - 39,999",
790,h153_30000,E,"30,000  -  39,999","30,000 - 39,999",
791,h153_30000,T,"30,000  -  39,999","30,000 - 39,999",
792,h43_in,S,跨区就读,跨区就读,REMOVE ROW
793,h43_in,E,In another district,In another district,REMOVE ROW
794,h43_in,T,跨區就讀,跨區就讀,REMOVE ROW
795,h63_in,S,跨区工作,跨区工作,REMOVE ROW
796,h63_in,E,In another district,In another district,REMOVE ROW
797,h63_in,T,跨區工作,跨區工作,REMOVE ROW
798,a135_6,S,6 +,6+,
799,a135_6,E,6 +,6+,
800,a135_6,T,6 +,6+,
801,a147_public,S,公营租住房屋,公营租住房屋,
802,a147_public,E,Public rental housing,Public rental,
803,a147_public,T,公營租住房屋,公營租住房屋,
804,h143_loan,S,及借贷还款（港元）,及借贷还款,
805,h143_loan,E,Loan Repayment (HK$),Monthly mortgage payment,
806,h143_loan,T,及借貸還款（港元）,及借貸還款,
807,a83_none,S,,"4,000 - 5,999",
808,a83_none,E,,"4,000 - 5,999",
809,a83_none,T,,"4,000 - 5,999",
810,a125_one-person,S,单人住户,单人住户,
811,a125_one-person,E,One-person households,Single,
812,a125_one-person,T,單人住戶,單人住戶,
813,a62_working,S,工作人口,工作人口,REMOVE ROW
814,a62_working,E,Working Population,Working Population,REMOVE ROW
815,a62_working,T,工作人口,工作人口,REMOVE ROW
816,a24_persons,S,五岁以下或失去语言能力人士,五岁以下或失去语言能力,
817,a24_persons,E,Persons aged under 5 or mute,Under 5 or mute,
818,a24_persons,T,五歲以下或失去語言能力人士,五歲以下或失去語言能力,
819,h119_<,S,"<  2,000","< 2,000",
820,h119_<,E,"<  2,000","< 2,000",
821,h119_<,T,"<  2,000","< 2,000",
822,h44_hong,S,香港岛,香港岛,
823,h44_hong,E,Hong Kong Island,Hong Kong Island,
824,h44_hong,T,香港島,香港島,
825,i6_none,S,,,
826,i6_none,E,,,
827,i6_none,T,,,
828,d77_female,S,女性,女性,
829,d77_female,E,Female,Female,
830,d77_female,T,女性,女性,
831,h62_in,S,同区工作#,同区工作,
832,h62_in,E,In same district #,In same district,
833,h62_in,T,同區工作#,同區工作,
834,k143_none,S,,,
835,k143_none,E,,,
836,k143_none,T,,,
837,d43_and,S,十五岁及以上,十五岁及以上,
838,d43_and,E,Age 15 and Over,Age 15 and over,
839,d43_and,T,十五歲及以上,十五歲及以上,
840,n61_both,S,合计,合计,
841,n61_both,E,Both Sexes,Total,
842,n61_both,T,合計,合計,
843,h91_occupations,S,及不能分类的职业,及不能分类的职业,REMOVE ROW
844,h91_occupations,E,occupations not classifiable,not classifiable,
845,h91_occupations,T,及不能分類的職業,及不能分類的職業,
846,h155_by,S,由非住户成员支付,由非住户成员支付,
847,h155_by,E,By non-household members only,Not paid by household,
848,h155_by,T,由非住戶成員支付,由非住戶成員支付,
849,h83_professionals,S,专业人员,专业人员,
850,h83_professionals,E,Professionals,Professionals,
851,h83_professionals,T,專業人員,專業人員,
852,h132_≧,S,"≧ 100,000",">= 100,000",
853,h132_≧,E,"≧ 100,000",">= 100,000",
854,h132_≧,T,"≧ 100,000",">= 100,000",
855,h176_≧,S,"≧  40,000",">= 40,000",
856,h176_≧,E,"≧  40,000",">= 40,000",
857,h176_≧,T,"≧  40,000",">= 40,000",
858,d114_none,S,,,
859,d114_none,E,,,
860,d114_none,T,,,
861,b154_none,S,,,
862,b154_none,E,,,
863,b154_none,T,,,
864,a61_economic,S,经济活动身分,经济活动身分,
865,a61_economic,E,Economic Activity Status,Economic status,
866,a61_economic,T,經濟活動身分,經濟活動身分,
867,h163_1,S,1   -       499,1 - 499,
868,h163_1,E,1   -       499,1 - 499,
869,h163_1,T,1   -       499,1 - 499,
870,h170_8000,S,"8,000  -    9,999","8,000 - 9,999",
871,h170_8000,E,"8,000  -    9,999","8,000 - 9,999",
872,h170_8000,T,"8,000  -    9,999","8,000 - 9,999",
873,j81_none,S,,,
874,j81_none,E,,,
875,j81_none,T,,,
876,a18_usual,S,惯用语言,惯用语言,
877,a18_usual,E,Usual Language,Usual Language,
878,a18_usual,T,慣用語言,慣用語言,
879,k41_none,S,,,
880,k41_none,E,,,
881,k41_none,T,,,
882,h100_accommodation,S,住宿及膳食服务业,住宿及膳食服务业,
883,h100_accommodation,E,Accommodation and food services,Hospitality and restaurants,
884,h100_accommodation,T,住宿及膳食服務業,住宿及膳食服務業,
885,c154_none,S,,,
886,c154_none,E,,,
887,c154_none,T,,,
888,h171_10000,S,"10,000  -  14,999","10,000 - 14,999",
889,h171_10000,E,"10,000  -  14,999","10,000 - 14,999",
890,h171_10000,T,"10,000  -  14,999","10,000 - 14,999",
891,e114_domestic,S,家庭住户数目,家庭住户数目,
892,e114_domestic,E,Domestic Households,Households,
893,e114_domestic,T,家庭住戶數目,家庭住戶數目,
894,d146_households,S,家庭住户数目,家庭住户数目,
895,d146_households,E,Domestic Households,Households,
896,d146_households,T,家庭住戶數目,家庭住戶數目,
897,h24_85,S,85 +,85+,
898,h24_85,E,85 +,85+,
899,h24_85,T,85 +,85+,
900,m61_female,S,女性,女性,
901,m61_female,E,Female,Female,
902,m61_female,T,女性,女性,
903,h64_hong,S,香港岛,香港岛,
904,h64_hong,E,Hong Kong Island,Hong Kong Island,
905,h64_hong,T,香港島,香港島,
906,i28_none,S,,,
907,i28_none,E,,,
908,i28_none,T,,,
909,a47_secondarysixth,S,中学／预科,中学／预科,REMOVE ROW
910,a47_secondarysixth,E,Secondary/Sixth Form,Secondary,REMOVE ROW
911,a47_secondarysixth,T,中學／預科,中學／預科,REMOVE ROW
912,j61_none,S,,,
913,j61_none,E,,,
914,j61_none,T,,,
915,j143_none,S,,,
916,j143_none,E,,,
917,j143_none,T,,,
918,h61_place,S,工作地点,工作地点,
919,h61_place,E,Place of Work,Place of Work,
920,h61_place,T,工作地點,工作地點,
921,a119_relative,S,亲属关系住户,亲属关系住户,REMOVE ROW
922,a119_relative,E,Relative households,Extended family,REMOVE ROW
923,a119_relative,T,親屬關係住戶,親屬關係住戶,REMOVE ROW
924,h81_occupation,S,职业,职业,
925,h81_occupation,E,Occupation,Occupation,
926,h81_occupation,T,職業,職業,
927,e18_both,S,合计,合计,
928,e18_both,E,Both Sexes,Total,
929,e18_both,T,合計,合計,
930,a66_unpaid,S,无酬家庭从业员,无酬家庭从业员,
931,a66_unpaid,E,Unpaid family workers,Unpaid family workers,
932,a66_unpaid,T,無酬家庭從業員,無酬家庭從業員,
933,b129_none,S,,,
934,b129_none,E,,,
935,b129_none,T,,,
936,a184_area,S,五年前居住地区,五年前居住地区,
937,a184_area,E,Area of Residence 5 Years Ago,Residence 5 years ago,
938,a184_area,T,五年前居住地區,五年前居住地區,
939,l118_active,S,从事经济活动的家庭住户数目#,从事经济活动的家庭,
940,l118_active,E,Economically Active Households #,Economically active households,
941,l118_active,T,從事經濟活動的家庭住戶數目#,從事經濟活動的家庭,
942,n95_both,S,合计,合计,
943,n95_both,E,Both Sexes,Total,
944,n95_both,T,合計,合計,
945,a187_kowloon,S,九龙,九龙,
946,a187_kowloon,E,Kowloon,Kowloon,
947,a187_kowloon,T,九龍,九龍,
948,h168_4000,S,"4,000  -    5,999","4,000 - 5,999",
949,h168_4000,E,"4,000  -    5,999","4,000 - 5,999",
950,h168_4000,T,"4,000  -    5,999","4,000 - 5,999",
951,j118_none,S,,,
952,j118_none,E,,,
953,j118_none,T,,,
954,c129_none,S,,,
955,c129_none,E,,,
956,c129_none,T,,,
957,a130_1,S,1,1,
958,a130_1,E,1,1,
959,a130_1,T,1,1,
960,a192_remained,S,仍居旧址,仍居旧址,
961,a192_remained,E,Remained in same address,Same address,
962,a192_remained,T,仍居舊址,仍居舊址,
963,n162_they,S,居于租住居所的家庭住户数目,居于租住居所的家庭,
964,n162_they,E,Domestic Households Renting the Accommodation They Occupy,Households,
965,n162_they,T,居於租住居所的家庭住戶數目,居於租住居所的家庭,
966,h85_clerical,S,文书支援人员,文书支援人员,
967,h85_clerical,E,Clerical support workers,Clerical support ,
968,h85_clerical,T,文書支援人員,文書支援人員,
969,h8_5,S,5 -  9,5 - 9,
970,h8_5,E,5 -  9,5 - 9,
971,h8_5,T,5 -  9,5 - 9,
972,e6_both,S,合计,合计,
973,e6_both,E,Both Sexes,Total,
974,e6_both,T,合計,合計,
975,a101_none,S,,">= 60,000",
976,a101_none,E,,">= 60,000",
977,a101_none,T,,">= 60,000",
978,a188_new,S,新市镇,新市镇,
979,a188_new,E,New towns,New towns,
980,a188_new,T,新市鎮,新市鎮,
981,h151_20000,S,"20,000  -  24,999","20,000 - 24,999",
982,h151_20000,E,"20,000  -  24,999","20,000 - 24,999",
983,h151_20000,T,"20,000  -  24,999","20,000 - 24,999",
984,c28_male,S,男性,男性,
985,c28_male,E,Male,Male,
986,c28_male,T,男性,男性,
987,a53_degree,S,学位课程,学位课程,
988,a53_degree,E,Degree course,Degree course,
989,a53_degree,T,學位課程,學位課程,
990,h12_25,S,25 - 29,25 - 29,
991,h12_25,E,25 - 29,25 - 29,
992,h12_25,T,25 - 29,25 - 29,
993,h173_20000,S,"20,000  -  24,999","20,000 - 24,999",
994,h173_20000,E,"20,000  -  24,999","20,000 - 24,999",
995,h173_20000,T,"20,000  -  24,999","20,000 - 24,999",
996,h33_65,S,65 +,65+,
997,h33_65,E,65 +,65+,
998,h33_65,T,65 +,65+,
999,h169_6000,S,"6,000  -    7,999","6,000 - 7,999",
1000,h169_6000,E,"6,000  -    7,999","6,000 - 7,999",
1001,h169_6000,T,"6,000  -    7,999","6,000 - 7,999",
1002,h150_15000,S,"15,000  -  19,999","15,000 - 19,999",
1003,h150_15000,E,"15,000  -  19,999","15,000 - 19,999",
1004,h150_15000,T,"15,000  -  19,999","15,000 - 19,999",
1005,j28_none,S,,,
1006,j28_none,E,,,
1007,j28_none,T,,,